word,count,doc_freq,weighted_count
health,6160378,886062,4685198707.0
said,2152267,521551,1720518596.0
public,2232363,711260,1703789326.0
disease,1753072,561750,1270324024.0
people,1809795,548926,1200442088.0
year,1672712,585407,1149171169.0
case,1324457,339091,1022647289.0
state,1395775,467106,1022117913.0
vaccine,1341550,239230,957753031.0
new,1408407,533545,912525072.0
also,1284265,574211,888172955.0
one,1249955,532707,790467733.0
community,1053457,338216,747054156.0
study,1025082,231880,741002592.0
child,1029328,286908,729209758.0
risk,1008183,362259,721170514.0
care,1036655,298885,702722923.0
world,947931,416639,672510147.0
time,1006133,456883,644719661.0
country,840326,348758,643560091.0
virus,789748,205891,603487849.0
say,1009218,353754,579105729.0
patient,862601,229705,570865309.0
may,806855,368579,565287058.0
outbreak,708862,204389,565265504.0
research,812957,282922,551573930.0
like,926924,408868,544180021.0
first,805502,403713,544030442.0
service,784179,327434,540316475.0
data,727896,246831,536677576.0
food,777928,205215,517429977.0
including,734168,410604,514923024.0
global,713334,237680,509898723.0
need,761566,387318,499395552.0
day,785555,344627,496801085.0
report,689794,279687,487189165.0
department,618556,283760,483672241.0
news,892332,415749,479138680.0
medical,720967,312496,472845817.0
water,651385,148346,470937025.0
program,686532,255775,459560647.0
human,622606,264612,457843788.0
system,650636,285158,457613024.0
center,647465,324242,456478844.0
according,581327,319591,456098797.0
cdc,588786,184011,455665483.0
organization,635058,359536,455492430.0
two,653932,347618,446570697.0
death,606977,242730,441705842.0
million,643354,299769,437633146.0
could,651360,327182,432410397.0
measles,599885,77155,432161066.0
covid,551806,190028,430781624.0
high,637275,314336,422182419.0
national,607957,300037,421266847.0
official,526718,255071,420901989.0
agency,535970,245876,418899945.0
infection,550853,187029,418327376.0
control,551054,307218,417659054.0
would,620064,285841,417334735.0
life,681020,319443,409647628.0
well,664728,362181,409555627.0
pandemic,495880,189908,406745579.0
use,598419,270206,406167861.0
healthcare,566099,165942,402019180.0
reported,477342,224166,393032354.0
treatment,605421,223390,391177179.0
get,681526,320626,387586609.0
level,514969,231558,387316761.0
work,579361,306284,386830359.0
group,518023,243312,379849027.0
county,526593,141681,378890219.0
help,601516,322917,378180858.0
many,569377,325092,376549657.0
support,577034,294031,376510987.0
among,475527,249226,372074367.0
information,568069,298147,368337121.0
population,484935,219494,368011187.0
prevention,473482,273457,366054260.0
government,492965,235917,361168203.0
market,574372,102510,360564017.0
flu,443194,95088,360502182.0
across,522137,318170,360351952.0
vaccination,466410,147084,356855538.0
rate,473498,197976,353203648.0
trump,485311,134046,344725032.0
based,495926,248157,341345068.0
last,491954,288533,338959355.0
make,550890,333899,338611434.0
com,611132,274107,336371517.0
drug,528164,168852,335213066.0
week,500409,274342,332501693.0
product,532628,165993,330197747.0
spread,410432,200567,324906219.0
area,471239,248790,323229417.0
know,634079,257168,318667497.0
bird,375214,61799,315079180.0
month,456871,254819,313747854.0
american,478991,226432,310735721.0
number,445025,251904,307818787.0
hospital,461634,174096,304963309.0
access,420771,213479,302040192.0
individual,411659,199037,299008185.0
since,416063,272126,296446199.0
mpox,344881,43348,292333939.0
united,394808,239198,290991784.0
city,443433,177295,287809912.0
director,381511,232648,284596884.0
company,516566,185316,284040842.0
right,516941,261062,279567240.0
school,409277,178483,278999260.0
found,392614,217576,276260936.0
even,439565,269083,275814800.0
impact,409909,234031,275594342.0
long,410434,252616,275580218.0
part,420206,278952,274831429.0
related,368998,207881,274731097.0
issue,399597,246451,273973694.0
family,423931,213138,273444306.0
change,402482,218186,273380390.0
cause,396078,244293,273191858.0
effort,374632,227660,271960514.0
contact,399294,237958,271539031.0
result,393088,192909,271342165.0
symptom,356154,158911,270966410.0
local,400793,231751,270874999.0
response,352980,187232,269742621.0
expert,374013,217641,266702573.0
emergency,341407,164672,265713224.0
president,425121,213622,260330583.0
way,430333,269310,258672600.0
take,418495,273703,257430389.0
age,348053,161717,257058195.0
lead,378288,201829,255362150.0
university,367697,180657,255161527.0
kennedy,330839,74996,253145008.0
federal,335756,157519,253070642.0
development,391894,179000,250563051.0
woman,372522,131797,250413079.0
three,336353,204560,247054859.0
used,336232,186266,245399552.0
significant,331379,191527,244999239.0
around,398119,261929,244684085.0
associated,311225,166749,244269647.0
social,329818,167793,240994240.0
administration,336402,171415,239666764.0
policy,314196,158108,238026074.0
increase,316103,184553,231845691.0
analysis,291039,104499,229188980.0
http,388573,183188,227934012.0
medicine,358998,156707,227248465.0
adult,329397,153079,226948445.0
worker,294418,122260,226449152.0
low,314341,181424,224600485.0
condition,335835,188512,222786823.0
animal,286375,100984,222105104.0
person,311079,175225,222058649.0
science,330370,161107,222004474.0
africa,269869,87947,221850213.0
today,452966,277568,221436723.0
member,313990,172604,220519234.0
still,347232,221212,219959604.0
concern,308394,201840,219552823.0
going,440319,201144,217765563.0
infected,259279,119651,216925559.0
hiv,275769,50376,216005200.0
come,363659,246984,215432076.0
region,276655,138932,214826793.0
medium,344004,214586,214366772.0
test,298881,120271,213632657.0
see,384933,227026,213111478.0
using,292351,154203,212057548.0
potential,317777,184046,211828488.0
safety,334494,163222,211149681.0
statement,350532,136917,210492734.0
source,323643,233649,208700731.0
per,272988,122697,208594417.0
factor,289083,131491,208573594.0
international,291316,160015,207949586.0
without,283347,199105,207824876.0
challenge,291360,172266,206611977.0
funding,264386,121422,205805235.0
researcher,292954,130350,205709091.0
home,348608,183671,205241890.0
testing,272310,114848,203899005.0
future,311397,183238,203652494.0
plan,314251,182419,202140137.0
higher,260258,140686,199119143.0
back,358225,211412,196178769.0
exposure,248843,108867,195146290.0
due,263538,172191,195091313.0
general,262481,163416,194734878.0
however,248774,161641,194613340.0
think,364164,168408,192684611.0
made,290547,208112,192523400.0
illness,255184,140728,191705306.0
recent,259531,192936,191698710.0
every,311051,209983,191571804.0
available,289820,189554,190795758.0
show,304109,196456,190718010.0
early,285146,175547,190344720.0
action,278718,157727,190171567.0
clinical,323197,120674,190131350.0
effect,269628,143047,189404289.0
nation,268987,172845,189269076.0
cost,274134,139674,188723959.0
within,266749,177515,186679821.0
association,259376,115188,186345293.0
team,289967,169826,186169641.0
much,312200,204653,185392798.0
term,272174,174554,185289702.0
include,269720,195656,184736216.0
visit,300365,198760,184512881.0
key,270277,174674,183780884.0
important,285362,196723,181801823.0
press,254935,145278,181446713.0
quality,264186,135131,180768080.0
role,251364,155690,180688908.0
provide,264857,180326,180588930.0
campaign,254017,113459,179963626.0
fluoride,224140,22063,179012730.0
effective,254172,167558,177549912.0
healthy,269687,135301,177497734.0
infectious,248096,137658,177085741.0
prevent,249072,171159,176313658.0
confirmed,216770,129315,175891624.0
want,312935,185562,175130862.0
resource,256945,154083,175113959.0
better,275266,186265,174873304.0
initiative,247782,130889,174295553.0
free,276975,158705,173931284.0
mean,282045,171976,173622937.0
www,334976,168006,173469660.0
sample,212302,79845,173083538.0
working,255132,180118,172873942.0
body,260149,142161,172415697.0
good,318552,191855,172044208.0
thing,327106,174660,171452301.0
management,244768,106063,171193814.0
release,297847,189243,170572677.0
problem,259366,163924,170512298.0
america,261784,142722,168986697.0
activity,234993,109723,168593153.0
crisis,235205,128458,168459436.0
told,223516,139456,168390015.0
address,242296,163111,167971953.0
mosquito,236822,36291,167789339.0
approach,233766,138506,167514428.0
que,279255,22182,167265365.0
strategy,232096,131103,166978185.0
event,268193,139338,166366623.0
increased,222239,134998,166272557.0
next,277290,186763,165775882.0
measure,224176,130514,165418396.0
aid,232067,80928,165048670.0
often,235386,156781,164490010.0
known,231646,171289,164326178.0
california,224911,93518,163947466.0
doctor,255978,137847,163667545.0
solution,268218,126930,163636142.0
different,238705,146780,163435922.0
really,308469,153396,162971070.0
canada,204478,56420,162685398.0
institute,238302,130261,161993313.0
several,227999,169566,161910664.0
critical,232387,161883,160034635.0
another,244302,179195,158866527.0
article,200871,104528,157815578.0
texas,244642,76259,157753356.0
outcome,217126,114747,157157282.0
published,208380,159061,156886706.0
model,194544,75674,155693795.0
decision,209967,131560,155572646.0
content,255820,181345,155214059.0
evidence,217922,133608,155104731.0
industry,242366,116413,154882446.0
severe,216867,133159,154173190.0
threat,220251,132368,154150028.0
five,213281,146201,153811137.0
likely,210713,138408,153396482.0
education,219572,115405,152499242.0
especially,219457,164771,152324641.0
place,243918,177237,152318468.0
south,224678,115231,151858111.0
environmental,206083,97835,151628364.0
making,236371,181128,151101962.0
current,214014,148690,150858852.0
common,202160,126922,150784179.0
chronic,213370,102582,150071120.0
blood,244830,90235,149804297.0
nearly,218313,162978,149517397.0
leader,232871,144775,149449429.0
finding,201729,116539,149277981.0
end,232329,155948,149104533.0
provider,219644,120389,149088675.0
non,218275,116868,148842720.0
author,181316,96745,148546280.0
business,248707,121530,148220635.0
safe,225877,146462,147977464.0
point,230287,146345,147902103.0
